{
    "mempool-blocks": [
        {
            "blockSize": 1780038,
            "blockVSize": 997989.75,
            "nTx": 2134,
            "totalFees": 2919589,
            "medianFee": 2.0479263387949875,
            "feeRange": [
                1.0101010101010102,
                2,
                2.235576923076923,
                3.010452961672474,
                3.5240274599542336,
                6.032085561497326,
                218.1818181818182
            ]
        },
        {
            "blockSize": 1958446,
            "blockVSize": 997996,
            "nTx": 503,
            "totalFees": 1093277,
            "medianFee": 1.102049424602265,
            "feeRange": [
                1.0101010101010102,
                1.0548148148148149,
                1.0548148148148149,
                1.0548148148148149,
                1.067677314564158,
                1.0761096766260911,
                1.1021605957228275
            ]
        },
        {
            "blockSize": 1477611,
            "blockVSize": 997927.5,
            "nTx": 725,
            "totalFees": 1016311,
            "medianFee": 1.0075971559364956,
            "feeRange": [
                1,
                1.0019334049409236,
                1.0042075736325387,
                1.0081019768823594,
                1.018450184501845,
                1.0203327171903882,
                1.0548148148148149
            ]
        },
        {
            "blockSize": 1028219,
            "blockVSize": 435137,
            "nTx": 833,
            "totalFees": 436414,
            "medianFee": 0,
            "feeRange": [
                1,
                1,
                1,
                1.0028011204481793,
                1.004231311706629,
                1.0053475935828877,
                1.0068649885583525
            ]
        }
    ]
}