{
    "mempool-blocks": [
        {
            "blockSize": 1779823,
            "blockVSize": 997995.25,
            "nTx": 2133,
            "totalFees": 2922926,
            "medianFee": 2.0479263387949875,
            "feeRange": [
                1.0825892857142858,
                2,
                2.2439024390243905,
                3.010452961672474,
                3.554973821989529,
                6.032085561497326,
                218.1818181818182
            ]
        },
        {
            "blockSize": 1957833,
            "blockVSize": 997953,
            "nTx": 500,
            "totalFees": 1093270,
            "medianFee": 1.102049424602265,
            "feeRange": [
                1.0548148148148149,
                1.0548148148148149,
                1.0548148148148149,
                1.0548148148148149,
                1.067677314564158,
                1.0766488413547237,
                1.1021605957228275
            ]
        },
        {
            "blockSize": 1477864,
            "blockVSize": 997999,
            "nTx": 730,
            "totalFees": 1016458,
            "medianFee": 1.0075971559364956,
            "feeRange": [
                1,
                1.0019552465783186,
                1.004255319148936,
                1.0081019768823594,
                1.018450184501845,
                1.0203327171903882,
                1.0548148148148149
            ]
        },
        {
            "blockSize": 1030954,
            "blockVSize": 436613.5,
            "nTx": 838,
            "totalFees": 437891,
            "medianFee": 0,
            "feeRange": [
                1,
                1,
                1,
                1.0026525198938991,
                1.004231311706629,
                1.0053475935828877,
                1.0068649885583525
            ]
        }
    ],
    "txPosition": {
        "txid": "b6a53d8a8025c0c5b194345925a99741b645cae0b1f180f0613273029f2bf698",
        "position": {
            "block": 0,
            "vsize": 111102
        }
    }
}