{
    "mempool-blocks": [
        {
            "blockSize": 1719945,
            "blockVSize": 997952.25,
            "nTx": 2558,
            "totalFees": 3287140,
            "medianFee": 2.4046448299072485,
            "feeRange": [
                1.073446327683616,
                2,
                2.2567567567567566,
                3.0106761565836297,
                3.6169014084507043,
                6.015037593984962,
                218.1818181818182
            ]
        },
        {
            "blockSize": 2022898,
            "blockVSize": 997983.25,
            "nTx": 131,
            "totalFees": 1098129,
            "medianFee": 1.1020797417745662,
            "feeRange": [
                1.0625,
                1.0691217722793642,
                1.073436083408885,
                1.0761096766260911,
                1.080091533180778,
                1.102110739151618,
                1.1021909190121146
            ]
        },
        {
            "blockSize": 1363844,
            "blockVSize": 997998.5,
            "nTx": 1073,
            "totalFees": 1023651,
            "medianFee": 1.014827018121911,
            "feeRange": [
                1,
                1.003584229390681,
                1.0054683365672958,
                1.0186757215619695,
                1.0548148148148149,
                1.0548148148148149,
                1.068146618482189
            ]
        },
        {
            "blockSize": 1335390,
            "blockVSize": 562453.5,
            "nTx": 902,
            "totalFees": 563772,
            "medianFee": 1.0028011204481793,
            "feeRange": [
                1,
                1,
                1,
                1.0025402201524132,
                1.004231311706629,
                1.0053475935828877,
                1.0068649885583525
            ]
        }
    ],
    "txPosition": {
        "txid": "b6a53d8a8025c0c5b194345925a99741b645cae0b1f180f0613273029f2bf698",
        "position": {
            "block": 0,
            "vsize": 128920
        }
    }
}