{
    "mempoolInfo": {
        "loaded": true,
        "size": 15168,
        "bytes": 6070217,
        "usage": 30922560,
        "maxmempool": 300000000,
        "mempoolminfee": 0.00001,
        "minrelaytxfee": 0.00001,
        "unbroadcastcount": 0
    },
    "vBytesPerSecond": 2249,
    "blocks": [
        {
            "extras": {
                "reward": 636429476,
                "coinbaseTx": {
                    "vin": [
                        {
                            "scriptsig": "031e190b04a4632f622f466f756e6472792055534120506f6f6c202364726f70676f6c642f12969a355b4c000000000000"
                        }
                    ],
                    "vout": [
                        {
                            "scriptpubkey_address": "19dENFt4wVwos6xtgwStA6n8bbA57WCS58",
                            "value": 636429476
                        }
                    ]
                },
                "medianFee": 6,
                "feeRange": [
                    1,
                    3,
                    5,
                    6,
                    10,
                    16,
                    272
                ],
                "totalFees": 11429476,
                "avgFee": 4177,
                "avgFeeRate": 11,
                "pool": {
                    "id": 108,
                    "name": "Foundry USA"
                },
                "matchRate": 98
            },
            "id": "0000000000000000000918db3142fc4ccea865edb9a9f0c05f5a1b507fd7182a",
            "height": 727326,
            "version": 536870912,
            "timestamp": 1647272873,
            "bits": 386545523,
            "nonce": 105379536,
            "difficulty": 27550332084343.84,
            "merkle_root": "d39e7d7b8e2374be518a313b9af734a0d0d87c7e8c001b5c19472258790ebfbc",
            "tx_count": 2737,
            "size": 1714410,
            "weight": 3993069,
            "previousblockhash": "00000000000000000007b6a24a3caa6b1f320c163b6ae15f763ca4d157a304ab"
        },
        {
            "extras": {
                "reward": 634306311,
                "coinbaseTx": {
                    "vin": [
                        {
                            "scriptsig": "031f190b1362696e616e63652f3832321c000b0193666a88fabe6d6de404a9ad37192b7a677b62eae09c0d60d2158b037e7250c395a0c4db62e699f20200000000000000bf370000a9600000"
                        }
                    ],
                    "vout": [
                        {
                            "scriptpubkey_address": "1JvXhnHCi6XqcanvrZJ5s2Qiv4tsmm2UMy",
                            "value": 634306311
                        }
                    ]
                },
                "medianFee": 5,
                "feeRange": [
                    1,
                    2,
                    3,
                    5,
                    9,
                    15,
                    316
                ],
                "totalFees": 9306311,
                "avgFee": 2861,
                "avgFeeRate": 9,
                "pool": {
                    "id": 102,
                    "name": "Binance Pool"
                },
                "matchRate": 98
            },
            "id": "000000000000000000012de2fedb9f88f071ee149c03b4265cf77667b63c61fe",
            "height": 727327,
            "version": 536928256,
            "timestamp": 1647273549,
            "bits": 386545523,
            "nonce": 104858074,
            "difficulty": 27550332084343.84,
            "merkle_root": "d2349186400acd9de2d1812bf2916834bf3299bf4a32d27da91aa2c04a434360",
            "tx_count": 3253,
            "size": 1610333,
            "weight": 3993434,
            "previousblockhash": "0000000000000000000918db3142fc4ccea865edb9a9f0c05f5a1b507fd7182a"
        },
        {
            "extras": {
                "reward": 629478265,
                "coinbaseTx": {
                    "vin": [
                        {
                            "scriptsig": "0320190b215c204d41524120506f6f6c205c000000003766ea3bdd65bc206ece9c55812c0000"
                        }
                    ],
                    "vout": [
                        {
                            "scriptpubkey_address": "1A32KFEX7JNPmU1PVjrtiXRrTQcesT3Nf1",
                            "value": 629478265
                        }
                    ]
                },
                "medianFee": 2,
                "feeRange": [
                    1,
                    1,
                    1,
                    2,
                    3,
                    9,
                    752
                ],
                "totalFees": 4478265,
                "avgFee": 2179,
                "avgFeeRate": 4,
                "pool": {
                    "id": 112,
                    "name": "MARA Pool"
                },
                "matchRate": 99
            },
            "id": "0000000000000000000699b7d37e0614c1732f4a67314b039de04e025eb7f901",
            "height": 727328,
            "version": 543162368,
            "timestamp": 1647273774,
            "bits": 386545523,
            "nonce": 2592684945,
            "difficulty": 27550332084343.84,
            "merkle_root": "94c744153aebf492935379cc1a1e9d1f28a3fb1f3c669e55e22b34ce09e7929c",
            "tx_count": 2056,
            "size": 1678108,
            "weight": 3992617,
            "previousblockhash": "000000000000000000012de2fedb9f88f071ee149c03b4265cf77667b63c61fe"
        },
        {
            "extras": {
                "reward": 627516396,
                "coinbaseTx": {
                    "vin": [
                        {
                            "scriptsig": "0321190b04be672f622f466f756e6472792055534120506f6f6c202364726f70676f6c642f063791a2b6c3000000000000"
                        }
                    ],
                    "vout": [
                        {
                            "scriptpubkey_address": "19dENFt4wVwos6xtgwStA6n8bbA57WCS58",
                            "value": 627516396
                        }
                    ]
                },
                "medianFee": 2,
                "feeRange": [
                    1,
                    1,
                    1,
                    2,
                    5,
                    14,
                    347
                ],
                "totalFees": 2516396,
                "avgFee": 3122,
                "avgFeeRate": 7,
                "pool": {
                    "id": 108,
                    "name": "Foundry USA"
                },
                "matchRate": 100
            },
            "id": "00000000000000000008e79402333f8bb6f03147550d36fe731480cf2c9e2fb8",
            "height": 727329,
            "version": 536870912,
            "timestamp": 1647273918,
            "bits": 386545523,
            "nonce": 585448784,
            "difficulty": 27550332084343.84,
            "merkle_root": "db0f5982d7797b74b5e92ff8495280e530c1d98f50e21f7cfe244b03c7fef6ab",
            "tx_count": 807,
            "size": 540195,
            "weight": 1379553,
            "previousblockhash": "0000000000000000000699b7d37e0614c1732f4a67314b039de04e025eb7f901"
        },
        {
            "extras": {
                "reward": 646529546,
                "coinbaseTx": {
                    "vin": [
                        {
                            "scriptsig": "0322190b04b7712f622f706f6f6c696e2e636f6d2ffabe6d6dec3c68ff646d6125f669e43f1053129a5664705728c0574e7db6449db652f4ed01000000000000009287821bd9525598170e94e5beaab395110045c9120000000000"
                        }
                    ],
                    "vout": [
                        {
                            "scriptpubkey_address": "1GNgwA8JfG7Kc8akJ8opdNWJUihqUztfPe",
                            "value": 646529546
                        }
                    ]
                },
                "medianFee": 12,