{"mempoolInfo":{"loaded":true,"size":2322,"bytes":1146158,"usage":4759856,"maxmempool":300000000,"mempoolminfee":0.00001,"minrelaytxfee":0.00001,"unbroadcastcount":0},"vBytesPerSecond":775,"lastDifficultyAdjustment":1626564737,"previousRetarget":-4.8070052684735725,"blocks":[{"id":"00000000000000000006a2edbea88d7ca08abfe3ce26c2200db8efdead8fc7c5","height":692609,"version":805298180,"timestamp":1627227919,"tx_count":2331,"size":1419078,"weight":3858207,"merkle_root":"2c038de9602ef67df93f8bdeba009bec331ccb355917ca1d652fc95bb4482357","previousblockhash":"00000000000000000006fa0817991709a342d5065839d6c9efe09016289830ee","mediantime":1627222954,"nonce":2043835478,"bits":387225124,"difficulty":13672594272814,"reward":632191564,"coinbaseTx":{"vin":[{"scriptsig":"0381910a04e7c2b2314254432e636f6d2f763433737afabe6d6d622bef4ea8c37b21f82d8fc809d1d7b806ddbe3f81f1be57471d3843225eb0cd02000000020bb56c0ec44cc11815290000000000"}],"vout":[{"scriptpubkey_address":"1Bf9sZvBHPFGVPX71WX2njhd1NXKv5y7v5","value":632191564}]},"medianFee":1.9984543048678702,"feeRange":[1,1.0115321252059308,1.1169024571854058,1.6055846422338569,2.026266416510319,3.0403587443946187,6,327.76216216216216],"matchRate":100},{"id":"0000000000000000000405f73eb09df2405875eeb25760efb09ca06f7e6bf0f0","height":692610,"version":538968068,"timestamp":1627228844,"tx_count":2280,"size":1257713,"weight":3303869,"merkle_root":"60e726a80dcba17b000cf417b671a856f24e1ddbfe30d357be64964f00da3702","previousblockhash":"00000000000000000006a2edbea88d7ca08abfe3ce26c2200db8efdead8fc7c5","mediantime":1627223401,"nonce":162576929,"bits":387225124,"difficulty":13672594272814,"reward":636802910,"coinbaseTx":{"vin":[{"scriptsig":"0382910a1b4d696e656420627920416e74506f6f6c3731390c001f02dfb91bf2fabe6d6d5b43fd902c59e4bdcc4894b8410bda69e753862b92c00821ff7135cc82faf9e40200000000000000ebea0100cba30100"}],"vout":[{"scriptpubkey_address":"12dRugNcdxK39288NjcDV4GX7rMsKCGn6B","value":636802910}]},"medianFee":3.282511210762332,"feeRange":[1,2.009049773755656,2.654690618762475,3.1149825783972127,4.0055555555555555,4.72,15.07098653076083,423.2804232804233],"matchRate":100},{"id":"00000000000000000013d736ee3f50af566319440f2312c3ae4c4060a24a9f52","height":692611,"version":1073676292,"timestamp":1627230553,"tx_count":2316,"size":1495664,"weight":3993194,"merkle_root":"fc39ebd749c5e6615e26e6c842021a4842803c022ce3a1514d2de65630b94cb0","previousblockhash":"0000000000000000000405f73eb09df2405875eeb25760efb09ca06f7e6bf0f0","mediantime":1627226771,"nonce":5049303,"bits":387225124,"difficulty":13672594272814,"reward":652290078,"coinbaseTx":{"vin":[{"scriptsig":"0383910a043791fd60fabe6d6d6a9685e1e355c6a267d0b1d9f5af76e2a296e8e1baa13e760a47a0389ea5d971040000004204cb9a62696e616e63652f66723838387860249487223814079594b4baaeef0e000000000000"}],"vout":[{"scriptpubkey_address":"bc1qx9t2l3pyny2spqpqlye8svce70nppwtaxwdrp4","value":652290078}]},"medianFee":7.1198738170347005,"feeRange":[1.0098176718092566,4.009592326139089,4.642533936651584,5.984334203655353,10.04594180704441,17.924619085805933,62.038781163434905,395.3777777777778],"matchRate":99},{"id":"0000000000000000000a560480db3b45065b7248b6f43b7d2ad1b15cda0c29f3","height":692612,"version":536870916,"timestamp":1627230561,"tx_count":1711,"size":1376254,"weight":3993409,"merkle_root":"339c433bb9fe450c004e2d40785e417ae718bcbbc780d34488445c5df91e951a","previousblockhash":"00000000000000000013d736ee3f50af566319440f2312c3ae4c4060a24a9f52","mediantime":1627227432,"nonce":1198122458,"bits":387225124,"difficulty":13672594272814,"reward":627267139,"coinbaseTx":{"vin":[{"scriptsig":"0384910a046191fd6068616e677a686f752f7777772e6f6b65782e636f6d2ffabe6d6d5260c24fd30e59fe89fa070fa69a350c8d0614861a4a1d0eb20d0a12c39ad17a020000004204cb9a21b76f07cd3f000000000000"}],"vout":[{"scriptpubkey_address":"3DPNFXGoe8QGiEXEApQ3QtHb8wM15VCQU3","value":627267139}]},"medianFee":2.4393011510308487,"feeRange":[1.0019887591872028,1.5159574468085106,2.1265126512651267,2.341463414634146,2.6817391304347824,3.013333333333333,3.0657596371882088,175.98499061913697],"matchRate":99},{"id":"00000000000000000014454e83304996581f25da03e8b1bf527ec62f9155fbc1","height":692613,"version":1073733636,"timestamp":1627230729,"tx_count":676,"size":1266823,"weight":3993028,"merkle_root":"ec6f3a39904f4432e5202a1fa86ce24aa0f006fd408f985b8337995734276f2e","previousblockhash":"0000000000000000000a560480db3b45065b7248b6f43b7d2ad1b15cda0c29f3","mediantime":1627227557,"nonce":881591561,"bits":387225124,"difficulty":13672594272814,"reward":629313137,"coinbaseTx":{"vin":[{"scriptsig":"0385910a040192fd602f466f756e6472792055534120506f6f6c202364726f70676f6c642f0586eb224300000000000000"}],"vout":[{"scriptpubkey_address":"19dENFt4wVwos6xtgwStA6n8bbA57WCS58","value":629313137}]},"medianFee":3.0111358574610243,"feeRange":[1,1.0098360655737706,1.0227213371637502,2.345549738219895,3.1332560834298957,5.693363844393593,21.05176663927691,313.3159268929504],"matchRate":98},{"id":"0000000000000000000010714eb049e48f1eecd2eb0777fd343754dc453f3c86","height":692614,"version":536928260,"timestamp":1627231082,"tx_count":918,"size":678955,"weight":1847470,"merkle_root":"e1f3cc2d4ffb79a7a0cedeaf46bf1aece5b6ad75645af54662e8a86b00b6f7b8","previousblockhash":"00000000000000000014454e83304996581f25da03e8b1bf527ec62f9155fbc1","mediantime":1627227919,"nonce":265758589,"bits":387225124,"difficulty":13672594272814,"reward":632488436,"coinbaseTx":{"vin":[{"scriptsig":"0386910a2cfabe6d6d32850d4d59ddf81012e81cec6e3a47839a3d2a45c34c5f913e9907d1a588923410000000f09f909f082f4632506f6f6c2f00000000000000000000000000000000000000000000000000000000000000000000000005007b0a0000"}],"vout":[{"scriptpubkey_address":"1KFHE7w8BhaENAswwryaoccDb6qcT6DbYY","value":632488436}]},"medianFee":3.5447864033073038,"feeRange":[1,1.1693917593198169,2.34324942791762,3.095406360424028,4.053571428571429,7.227154046997389,16.605166051660518,423.2804232804233],"matchRate":100},{"id":"0000000000000000000818cc451ece143e784f5a3ca737dd01cc6fdd530c3084","height":692615,"version":1073676292,"timestamp":1627233036,"tx_count":2788,"size":1439830,"weight":3993034,"merkle_root":"b254e02c41d15a59d06c0a3495260e34c140321bdc1e48a4f4739211bedbe39d","previousblockhash":"0000000000000000000010714eb049e48f1eecd2eb0777fd343754dc453f3c86","mediantime":1627228844,"nonce":136757391,"bits":387225124,"difficulty":13672594272814,"reward":644960886,"coinbaseTx":{"vin":[{"scriptsig":"0387910a04059bfd602f466f756e6472792055534120506f6f6c202364726f70676f6c642f07c915c4b80f000000000000"}],"vout":[{"scriptpubkey_address":"19dENFt4wVwos6xtgwStA6n8bbA57WCS58","value":644960886}]},"medianFee":7.0914368650217705,"feeRange":[1.0614949494949495,3.9022687609075044,4.20926243567753,5.979614949037373,8.44677137870855,14.858911985846971,34.70855148342059,344.82758620689657],"matchRate":98},{"id":"0000000000000000001389735609f4f85735d6cae2cc4a432f8e1b9388ff67eb","height":692616,"version":671080452,"timestamp":1627233412,"tx_count":2894,"size":1435441,"weight":3998419,"merkle_root":"7aeb3cd02ecf4d60961447427773d376a681c2c5bcdba0fed8c67e1244120227","previousblockhash":"0000000000000000000818cc451ece143e784f5a3ca737dd01cc6fdd530c3084","mediantime":1627230553,"nonce":1754824929,"bits":387225124,"difficulty":13672594272814,"reward":630501928,"coinbaseTx":{"vin":[{"scriptsig":"0388910a2cfabe6d6d4920bd1b36734a34acec2ea44d72b65705397c8d9221f372f188fe6dc46e7f9010000000f09f909f082f4632506f6f6c2f0000000000000000000000000000000000000000000000000000000000000000000000000500d9e00700"}],"vout":[{"scriptpubkey_address":"1KFHE7w8BhaENAswwryaoccDb6qcT6DbYY","value":630501928}]},"medianFee":2.74828060522696,"feeRange":[1.0017701621468527,1.448405253283302,2.3274021352313166,2.4271943176052764,3.002267573696145,3.0334075723830733,4.026726057906459,225.79505300353358],"matchRate":100}],"conversions":{"USD":34494.52492504878},"mempool-blocks":[{"blockSize":1374717,"blockVSize":979873,"nTx":2277,"totalFees":10790875,"medianFee":3.0938215102974826,